CVE_LOC,Población de 15 años o más analfabeta,Población de 6 a 14 años que no asiste a la escuela,Población de 15 años y más con educación básica incompleta,Población sin derechohabiencia a servicios de salud,Viviendas con piso de tierra,Viviendas que no disponen de excusado o sanitario,Viviendas que no disponen de agua entubada de la red pública,Viviendas que no disponen de drenaje,Viviendas que no disponen de energía eléctrica,Viviendas que no disponen de lavadora,Viviendas que no disponen de refrigerador,IRS,GRADO_REZAGO,LUGAR_QUE_OCUPA_EN_EL_CONTEXTO_NACIONAL
090020001,"1,0","5,5","15,0","20,9","0,2","0,3","0,2","0,1","0,0","13,6","3,8","-1,24858",Muy bajo,106.110
090030001,"1,1","5,0","12,9","26,2","0,2","0,2","0,1","0,1","0,0","12,6","3,7","-1,27151",Muy bajo,106.427
090040001,"1,4","5,7","17,4","23,5","0,8","0,3","0,2","0,2","0,0","14,3","6,7","-1,20053",Muy bajo,105.400
090040010,"3,0","3,6","33,6","24,0","3,6","1,6","1,6","5,2","0,0","25,5","32,3","-0,81690",Bajo,88.346
090040020,"2,0","7,7","23,8","27,8","1,6","0,2","1,1","0,2","0,1","20,2","13,7","-1,05815",Muy bajo,101.771
090040050,"3,4","2,9","26,0","31,3","1,6","0,8","0,0","0,0","0,0","20,2","8,9","-1,08052",Muy bajo,102.561
090040054,"2,7","24,2","26,3","32,2","8,0","2,5","1,5","1,2","0,0","35,0","22,6","-0,74777",Bajo,83.691
090040055,"3,3","0,0","26,7","26,3","13,0","0,0","0,0","0,0","0,0","56,5","65,2","-0,50122",Bajo,66.999
090040056,"1,3","16,7","31,3","20,4","19,4","0,0","6,5","0,0","0,0","64,5","38,7","-0,44548",Bajo,63.405
090040057,"1,9","6,7","19,2","37,4","0,0","3,1","0,0","0,0","0,0","34,4","25,0","-0,95208",Muy bajo,96.795
090040058,"3,4","29,4","33,9","46,3","0,0","0,0","0,0","0,0","0,0","28,6","4,8","-0,88030",Muy bajo,92.524
090040059,"0,0","0,0","30,0","50,0","0,0","0,0","0,0","0,0","0,0","11,1","0,0","-1,22217",Muy bajo,105.742
090040062,"8,3","0,0","29,2","37,9","0,0","0,0","0,0","0,0","0,0","0,0","0,0","-1,19363",Muy bajo,105.265
090040063,"3,6","10,1","42,1","49,6","17,6","1,0","10,8","1,0","1,0","44,1","36,3","-0,47839",Bajo,65.520
090040066,"0,0","0,0","0,0","13,2","0,0","0,0","0,0","0,0","0,0","7,1","0,0","-1,45492",Muy bajo,107.871
090040070,"2,9","3,7","22,7","36,8","0,0","0,0","0,0","0,0","0,0","31,1","19,3","-1,00318",Muy bajo,99.453
090040073,"3,6","3,5","38,6","44,4","0,0","0,8","44,2","0,0","0,8","39,5","29,5","-0,62041",Bajo,74.843
090040074,"5,6","13,8","34,7","45,1","0,0","0,0","0,0","0,0","0,0","30,2","41,9","-0,71249",Bajo,81.267
090040077,"5,6","0,0","72,2","39,3","0,0","0,0","0,0","20,0","0,0","80,0","100,0","0,17015",Medio,35.204
090050001,"1,5","4,9","18,9","25,6","0,4","0,2","0,2","0,1","0,0","18,5","6,4","-1,17567",Muy bajo,104.972
090060001,"1,2","4,3","16,4","27,2","0,2","0,2","0,1","0,0","0,0","16,6","5,0","-1,22040",Muy bajo,105.723
090070001,"1,8","5,4","22,3","32,4","0,6","0,1","0,3","0,1","0,1","21,1","8,1","-1,12134",Muy bajo,103.800
090080001,"1,9","4,7","21,2","27,4","0,8","0,3","1,0","0,2","0,1","16,2","7,3","-1,15693",Muy bajo,104.595
090080071,"9,1","0,0","27,3","33,3","0,0","0,0","0,0","0,0","0,0","50,0","50,0","-0,64524",Bajo,76.587
090080075,"10,0","0,0","60,0","50,0","0,0","0,0","0,0","0,0","50,0","100,0","50,0","0,21055",Medio,33.936
090080083,"4,2","1,3","39,1","49,3","13,8","3,4","88,8","100,0","0,0","40,5","26,7","0,12214",Medio,36.795
090080085,"23,8","0,0","81,0","17,4","33,3","0,0","8,3","0,0","16,7","58,3","33,3","0,22784",Medio,33.401
090080088,"4,9","14,5","42,3","46,7","11,4","0,0","14,8","0,0","0,0","45,5","25,0","-0,54575",Bajo,69.882
090080101,"46,7","0,0","73,3","0,0","50,0","0,0","0,0","0,0","21,4","64,3","35,7","0,60414",Alto,23.217
090080104,"0,0","0,0","53,7","31,3","15,4","0,0","7,7","7,7","0,0","61,5","69,2","-0,22084",Bajo,51.070
090080106,"3,8","0,0","38,5","16,2","11,1","0,0","11,1","0,0","11,1","22,2","33,3","-0,67874",Bajo,78.993
090080108,"0,0","25,0","34,2","47,1","15,4","0,0","23,1","7,7","0,0","23,1","30,8","-0,59591",Bajo,73.214
090080111,"0,0","0,0","29,2","37,9","0,0","14,3","0,0","0,0","0,0","14,3","14,3","-1,03240",Muy bajo,100.780
090080112,"0,0","0,0","46,1","56,3","5,9","2,9","2,9","0,0","2,9","29,4","32,4","-0,73521",Bajo,82.828
090090001,"3,1","4,7","23,3","42,9","3,7","0,5","1,5","1,1","0,2","36,3","19,1","-0,92327",Muy bajo,95.154
090090011,"1,8","5,6","18,6","30,1","1,3","0,4","3,6","0,4","0,2","23,8","10,8","-1,09458",Muy bajo,103.009
090090015,"2,0","5,9","19,2","23,3","2,0","0,3","1,2","0,5","0,2","26,5","13,2","-1,06281",Muy bajo,101.956
090090017,"2,8","2,8","23,1","29,1","1,8","1,1","2,3","2,0","0,2","35,3","20,2","-0,94126",Muy bajo,96.215
090090024,"1,9","3,1","22,6","22,2","1,4","0,6","7,5","0,4","0,1","26,5","19,5","-1,00147",Muy bajo,99.379
090090029,"2,9","5,1","26,8","41,9","3,8","0,8","3,3","1,8","0,3","39,2","24,8","-0,83889",Bajo,89.828
090090033,"2,2","2,6","21,9","27,1","1,5","0,7","15,2","0,9","0,2","25,0","16,5","-0,99944",Muy bajo,99.280
090090036,"3,4","3,4","21,8","23,2","3,2","0,8","1,6","1,3","0,2","37,5","24,0","-0,90405",Muy bajo,94.027
090090037,"2,6","5,0","23,0","23,2","7,6","3,2","52,2","7,9","0,0","38,1","20,9","-0,65923",Bajo,77.633
090090045,"4,3","12,5","17,4","19,3","5,9","0,0","0,0","0,0","0,0","29,4","23,5","-0,92242",Muy bajo,95.111
090090046,"2,3","0,0","25,8","28,4","6,6","3,8","90,6","3,8","4,7","34,0","32,1","-0,48619",Bajo,66.033
090090050,"0,0","0,0","22,2","29,6","0,0","0,0","0,0","0,0","0,0","0,0","0,0","-1,33782",Muy bajo,107.105
090090052,"4,1","10,5","33,8","47,1","0,0","22,6","3,2","22,6","0,0","54,8","41,9","-0,34349",Bajo,57.524
090090054,"3,8","0,0","32,1","16,7","5,6","0,0","100,0","5,6","0,0","44,4","44,4","-0,32594",Bajo,56.500
090090056,"2,5","4,8","30,9","37,3","4,0","0,0","4,0","0,0","0,0","36,0","36,0","-0,78322",Bajo,86.128
090090066,"0,0","0,0","8,3","50,0","0,0","0,0","100,0","0,0","0,0","66,7","33,3","-0,54125",Bajo,69.559
090090067,"7,5","3,1","39,6","54,4","2,3","0,0","22,7","0,0","0,0","43,2","31,8","-0,60611",Bajo,73.879
090090068,"3,3","3,1","24,3","23,5","13,1","2,3","78,5","10,0","5,4","44,6","30,8","-0,38975",Bajo,60.130
090090072,"0,0","0,0","54,5","54,5","0,0","0,0","100,0","0,0","0,0","100,0","100,0","0,33781",Medio,30.034
090090074,"0,0","0,0","16,1","26,3","0,0","0,0","0,0","0,0","0,0","22,2","0,0","-1,26034",Muy bajo,106.251
090090077,"2,8","0,0","28,4","36,4","1,9","1,9","3,7","1,9","0,0","44,4","38,9","-0,75408",Bajo,84.101
090090081,"2,2","0,0","19,1","29,2","5,9","0,0","11,8","0,0","0,0","47,1","26,5","-0,84737",Bajo,90.429
090090082,"4,8","6,7","22,6","20,2","9,1","13,6","4,5","9,1","0,0","40,9","36,4","-0,59969",Bajo,73.466
090090083,"5,3","0,0","42,1","24,0","12,5","0,0","25,0","0,0","0,0","75,0","25,0","-0,41812",Bajo,61.749
090090084,"5,4","0,0","38,4","27,6","2,5","0,0","15,0","2,5","0,0","52,5","42,5","-0,55857",Bajo,70.730
090090088,"8,7","15,6","34,0","48,7","4,0","8,0","14,0","6,0","0,0","58,0","50,0","-0,31557",Bajo,55.921
090090090,"2,6","0,0","34,6","9,1","3,6","0,0","7,1","3,6","3,6","57,1","50,0","-0,53989",Bajo,69.470
090090092,"0,0","0,0","60,0","46,7","20,0","20,0","80,0","40,0","0,0","80,0","80,0","0,56165",Alto,24.161
090090095,"9,1","26,9","42,6","40,4","5,4","12,5","12,5","17,9","5,4","48,2","33,9","-0,20513",Medio,50.319
090090096,"8,3","0,0","25,0","38,9","0,0","0,0","100,0","0,0","20,0","100,0","100,0","0,36518",Medio,29.279
090090098,"0,0","0,0","36,4","51,4","0,0","0,0","100,0","11,1","0,0","77,8","44,4","-0,16906",Medio,48.620
090090099,"0,0","0,0","81,8","40,0","40,0","20,0","60,0","20,0","40,0","100,0","100,0","1,18788",Alto,12.976
090090101,"7,7","7,7","46,2","35,0","0,0","0,0","11,1","0,0","0,0","66,7","11,1","-0,58140",Bajo,72.223
090090103,"6,9","19,4","45,9","29,2","2,0","5,9","3,9","2,0","0,0","56,9","45,1","-0,35196",Bajo,57.966
090090104,"3,8","10,0","33,7","39,9","11,8","0,0","100,0","0,0","0,0","29,4","17,6","-0,47541",Bajo,65.317
090090105,"14,3","0,0","50,0","16,7","0,0","0,0","100,0","0,0","0,0","80,0","60,0","0,13216",Medio,36.445
090090109,"4,1","17,6","26,5","33,3","0,0","15,4","7,7","7,7","0,0","30,8","23,1","-0,70102",Bajo,80.508
090090112,"3,7","3,1","31,8","36,6","9,1","0,0","81,8","3,0","3,0","45,5","42,4","-0,34479",Bajo,57.589
090090113,"1,8","0,0","32,1","43,5","5,3","0,0","5,3","0,0","5,3","36,8","21,1","-0,83702",Bajo,89.706
090090115,"6,4","6,1","32,5","26,5","6,8","0,0","84,1","3,4","0,0","46,6","40,9","-0,32437",Bajo,56.404
090090116,"4,8","6,3","31,6","23,3","1,6","0,0","14,3","0,0","0,0","36,5","28,6","-0,76619",Bajo,84.960
090090117,"4,7","0,0","26,4","6,9","0,0","0,0","97,0","0,0","0,0","15,2","18,2","-0,73945",Bajo,83.126
090090120,"5,3","4,5","37,2","38,8","8,3","1,7","81,7","1,7","0,0","36,7","31,7","-0,41163",Bajo,61.363
090090126,"7,4","16,7","29,6","38,6","10,0","0,0","20,0","10,0","0,0","70,0","40,0","-0,31954",Bajo,56.149
090090129,"4,3","0,0","43,5","25,0","33,3","0,0","0,0","0,0","0,0","55,6","55,6","-0,28781",Bajo,54.443
090090131,"4,7","0,0","38,3","37,6","13,5","0,0","56,8","0,0","0,0","48,6","40,5","-0,38851",Bajo,60.056
090090134,"0,0","0,0","21,3","13,6","0,0","0,0","87,5","0,0","0,0","25,0","25,0","-0,76922",Bajo,85.154
090090138,"4,8","4,5","20,2","29,8","0,0","0,0","0,0","0,0","0,0","34,8","15,2","-0,99899",Muy bajo,99.254
090090139,"5,4","0,0","25,4","18,2","0,0","2,5","2,5","0,0","0,0","32,5","22,5","-0,92636",Muy bajo,95.332
090090140,"8,3","0,0","33,3","47,4","0,0","0,0","100,0","16,7","66,7","100,0","100,0","0,82865",Alto,18.585
090090141,"12,5","0,0","25,0","9,1","0,0","0,0","100,0","0,0","0,0","66,7","33,3","-0,28560",Bajo,54.316
090090142,"0,0","0,0","13,3","30,0","0,0","0,0","66,7","16,7","0,0","66,7","33,3","-0,54073",Bajo,69.519
090090147,"0,0","0,0","6,7","34,8","0,0","0,0","0,0","0,0","0,0","0,0","0,0","-1,44553",Muy bajo,107.849
090090151,"0,0","8,3","18,2","24,0","33,3","0,0","77,8","0,0","11,1","22,2","44,4","-0,36904",Bajo,58.930
090090152,"4,1","3,2","28,0","29,3","1,4","1,0","1,0","2,2","0,1","49,1","38,4","-0,71931",Bajo,81.727
090090154,"1,0","4,8","29,6","44,8","21,9","3,1","84,4","6,3","0,0","37,5","34,4","-0,35395",Bajo,58.073
090090155,"4,5","0,0","41,6","32,5","4,0","0,0","8,0","0,0","0,0","36,0","40,0","-0,67475",Bajo,78.732
090090156,"12,5","0,0","54,2","28,1","11,1","0,0","11,1","0,0","0,0","33,3","11,1","-0,61250",Bajo,74.311
090090158,"5,0","1,8","30,6","37,9","13,3","5,3","34,7","0,0","4,0","61,3","48,0","-0,33099",Bajo,56.822
090090159,"0,0","0,0","40,0","0,0","0,0","0,0","0,0","0,0","33,3","66,7","33,3","-0,43659",Bajo,62.852
090090161,"4,2","15,5","32,1","30,8","2,8","6,9","11,1","6,9","1,4","50,0","38,9","-0,49924",Bajo,66.859
090090163,"2,0","2,4","28,1","30,8","1,5","6,0","62,7","6,0","3,0","43,3","32,8","-0,52473",Bajo,68.456
090090166,"0,0","0,0","66,7","100,0","0,0","0,0","100,0","0,0","0,0","0,0","33,3","-0,49225",Bajo,66.430
090090167,"6,4","1,7","41,8","40,9","5,6","1,4","78,9","54,9","0,0","35,2","29,6","-0,17256",Medio,48.773
090090168,"2,3","6,7","28,6","31,4","5,4","1,1","80,5","8,3","1,1","34,3","30,0","-0,50641",Bajo,67.304
090090169,"2,2","0,0","21,6","29,3","2,1","0,0","2,1","0,0","0,0","38,3","19,1","-0,97843",Muy bajo,98.258
090090171,"3,9","2,3","21,2","32,9","6,6","0,0","85,2","0,0","0,0","32,8","13,1","-0,69716",Bajo,80.244
090090172,"3,0","25,0","30,3","35,4","0,0","7,7","15,4","7,7","0,0","69,2","38,5","-0,37966",Bajo,59.549
090090173,"4,1","8,3","34,7","18,5","5,6","5,6","5,6","5,6","0,0","38,9","33,3","-0,63837",Bajo,76.085
090090174,"2,3","4,9","37,2","44,8","5,4","1,8","67,9","1,8","0,0","41,1","28,6","-0,50472",Bajo,67.192
090090176,"8,2","9,3","39,0","24,5","0,0","0,0","19,6","0,0","0,0","53,3","40,2","-0,49642",Bajo,66.692
090090178,"3,8","0,0","34,0","28,6","11,1","0,0","5,6","11,1","0,0","55,6","50,0","-0,47713",Bajo,65.436
090090185,"5,2","8,3","27,3","38,3","3,6","0,0","85,5","0,0","0,0","22,7","18,2","-0,65386",Bajo,77.220
090090187,"4,0","10,0","17,4","27,1","3,8","0,0","52,8","3,8","0,0","18,9","9,4","-0,89066",Muy bajo,93.190
090090188,"4,0","4,1","25,4","23,7","2,8","0,0","0,0","0,0","0,0","29,2","23,6","-0,93823",Muy bajo,96.029
090090189,"9,8","0,0","19,5","10,2","0,0","0,0","0,0","0,0","0,0","18,8","6,3","-1,10988",Muy bajo,103.480
090090191,"7,7","0,0","30,8","20,0","0,0","0,0","100,0","0,0","25,0","50,0","75,0","0,01944",Medio,40.561
090090192,"4,0","0,0","24,0","24,2","10,0","0,0","80,0","0,0","0,0","20,0","10,0","-0,76991",Bajo,85.205
090090195,"6,3","8,6","40,6","22,4","0,0","0,0","50,0","0,0","0,0","50,0","35,7","-0,45018",Bajo,63.733
090090198,"1,7","0,0","26,7","27,2","4,3","0,0","0,0","0,0","0,0","43,5","30,4","-0,84870",Bajo,90.514
090090199,"0,0","0,0","21,3","33,3","8,7","21,7","82,6","30,4","13,0","73,9","78,3","0,23278",Medio,33.234
090090200,"0,0","0,0","47,1","24,0","0,0","0,0","0,0","0,0","0,0","80,0","0,0","-0,73338",Bajo,82.679
090090202,"6,5","0,0","27,3","13,6","7,7","0,0","7,7","0,0","0,0","50,0","46,2","-0,61690",Bajo,74.612
090090203,"1,9","0,0","23,1","29,7","0,0","0,0","81,8","4,5","0,0","45,5","40,9","-0,53013",Bajo,68.836
090090204,"2,2","0,0","19,6","36,1","6,3","0,0","25,0","6,3","0,0","18,8","6,3","-1,03336",Muy bajo,100.818
090090205,"3,4","0,0","17,0","19,4","0,0","0,0","0,0","0,0","0,0","36,4","18,2","-1,03618",Muy bajo,100.921
090090206,"2,7","0,0","29,5","41,1","5,0","5,0","10,0","5,0","7,5","52,5","25,0","-0,64989",Bajo,76.924
090090207,"0,0","0,0","27,5","55,7","11,1","0,0","77,8","5,6","5,6","44,4","16,7","-0,55344",Bajo,70.372
090090208,"1,5","9,1","40,0","28,4","0,0","0,0","92,0","0,0","0,0","48,0","52,0","-0,27991",Bajo,54.012
090090210,"3,1","0,0","24,4","21,4","2,3","9,1","79,5","6,8","0,0","34,1","22,7","-0,58960",Bajo,72.736
090090211,"5,3","15,0","36,2","23,0","0,0","0,0","37,9","0,0","0,0","24,1","13,8","-0,76305",Bajo,84.755
090090213,"2,4","9,5","26,8","31,8","14,3","0,0","78,6","7,1","0,0","57,1","21,4","-0,39127",Bajo,60.216
090090214,"1,9","2,9","22,4","26,1","3,2","0,0","38,7","0,0","0,0","38,7","12,9","-0,86288",Muy bajo,91.468
090090215,"14,3","0,0","42,9","27,3","0,0","0,0","0,0","0,0","0,0","100,0","100,0","0,07525",Medio,38.446
090090216,"11,3","6,7","39,4","40,8","4,2","4,2","41,7","4,2","0,0","54,2","50,0","-0,25598",Bajo,52.805
090090217,"3,1","0,0","30,5","21,3","4,1","3,1","91,8","6,2","2,1","35,1","34,0","-0,45431",Bajo,63.960
090090219,"5,7","0,0","35,0","20,9","8,7","0,0","89,1","0,0","0,0","39,1","41,3","-0,37155",Bajo,59.079
090090222,"5,9","0,0","29,4","76,6","7,7","7,7","69,2","15,4","0,0","38,5","53,8","-0,28393",Bajo,54.221
090090223,"3,7","9,5","38,3","13,5","3,4","6,9","44,8","13,8","0,0","44,8","41,4","-0,36528",Bajo,58.696
090090224,"3,9","6,5","36,2","21,3","8,2","2,0","93,9","2,0","0,0","28,6","36,7","-0,39593",Bajo,60.460
090090226,"8,3","0,0","41,7","30,8","0,0","0,0","0,0","0,0","0,0","60,0","60,0","-0,44341",Bajo,63.273
090090227,"6,9","0,0","44,8","21,7","0,0","0,0","0,0","0,0","0,0","9,1","18,2","-0,95040",Muy bajo,96.696
090090228,"0,0","0,0","0,0","50,0","0,0","0,0","0,0","0,0","0,0","0,0","0,0","-1,49070",Muy bajo,107.955
090090229,"8,3","0,0","16,7","0,0","0,0","0,0","25,0","0,0","0,0","50,0","25,0","-0,78605",Bajo,86.348
090090233,"11,4","0,0","35,8","30,1","0,0","0,0","2,4","0,0","0,0","50,0","42,9","-0,59249",Bajo,72.950
090090234,"0,0","0,0","34,5","30,6","8,3","8,3","33,3","33,3","8,3","66,7","50,0","-0,15731",Medio,48.083
090090235,"0,0","9,1","41,4","27,3","0,0","0,0","0,0","0,0","0,0","54,2","50,0","-0,58120",Bajo,72.210
090090236,"0,0","0,0","62,5","60,0","0,0","0,0","100,0","0,0","33,3","100,0","100,0","0,62451",Alto,22.773
090090239,"3,6","0,0","38,2","15,7","4,8","0,0","0,0","0,0","0,0","42,9","28,6","-0,75903",Bajo,84.476
090090241,"2,0","30,8","30,0","35,9","0,0","11,1","22,2","5,6","0,0","44,4","27,8","-0,52098",Bajo,68.232
090090242,"4,5","3,6","28,5","26,3","3,8","2,6","15,4","3,8","1,3","41,0","30,8","-0,70206",Bajo,80.574
090090243,"0,0","0,0","40,0","30,0","0,0","20,0","0,0","0,0","0,0","20,0","20,0","-0,85511",Muy bajo,90.960
090090244,"16,7","0,0","33,3","38,7","14,3","0,0","28,6","0,0","0,0","42,9","42,9","-0,39514",Bajo,60.415
090090245,"4,3","2,9","30,0","21,1","0,0","0,0","8,0","0,0","0,0","16,0","16,0","-1,01547",Muy bajo,100.022
090090246,"7,8","6,9","40,2","25,0","4,9","2,4","39,0","9,8","2,4","36,6","24,4","-0,50148",Bajo,67.005
090090248,"2,4","0,0","14,3","21,6","6,5","0,0","9,7","0,0","0,0","16,1","22,6","-1,07211",Muy bajo,102.239
090090249,"0,0","0,0","0,0","27,3","0,0","0,0","0,0","0,0","0,0","0,0","0,0","-1,49244",Muy bajo,107.988
090090250,"0,0","0,0","10,0","40,0","0,0","0,0","0,0","0,0","0,0","14,3","28,6","-1,18302",Muy bajo,105.092
090090251,"16,7","0,0","44,4","27,1","0,0","0,0","0,0","0,0","0,0","30,8","23,1","-0,69608",Bajo,80.156
090090252,"3,9","0,0","28,6","41,1","11,5","3,8","88,5","3,8","0,0","26,9","26,9","-0,51953",Bajo,68.139
090090253,"2,9","21,4","32,9","18,9","4,2","0,0","87,5","0,0","0,0","16,7","33,3","-0,51080",Bajo,67.582
090090254,"2,8","3,4","26,7","34,3","6,3","1,1","83,2","3,2","1,1","21,1","29,5","-0,61534",Bajo,74.508
090090256,"4,5","0,0","31,4","29,9","4,8","0,0","52,4","0,0","4,8","41,3","34,9","-0,55545",Bajo,70.525
090090257,"0,0","5,6","18,4","29,5","0,0","0,0","5,3","0,0","0,0","36,8","15,8","-1,02885",Muy bajo,100.600
090090264,"0,0","20,0","36,8","14,3","6,7","13,3","66,7","13,3","13,3","73,3","60,0","0,12948",Medio,36.535
090090265,"3,4","0,0","24,7","49,5","0,0","0,0","8,8","0,0","2,9","44,1","26,5","-0,84154",Bajo,90.023
090090266,"5,9","4,2","32,4","36,3","3,0","6,1","90,9","12,1","6,1","42,4","30,3","-0,30074",Bajo,55.117
090090268,"4,6","16,7","29,6","23,0","8,6","0,0","65,7","0,0","0,0","42,9","37,1","-0,41783",Bajo,61.724
090090269,"1,2","10,3","21,9","48,3","1,9","0,0","0,0","0,0","0,0","31,5","24,1","-0,95146",Muy bajo,96.754
090090271,"7,4","0,0","59,3","26,5","0,0","0,0","100,0","0,0","9,1","90,9","90,9","0,41554",Medio,27.870
090090274,"14,3","0,0","42,9","8,3","0,0","66,7","100,0","100,0","0,0","100,0","66,7","1,17613",Alto,13.119
090090275,"0,0","0,0","37,0","26,3","10,0","0,0","0,0","0,0","0,0","50,0","40,0","-0,66702",Bajo,78.176
090090276,"16,7","0,0","72,2","70,4","0,0","0,0","62,5","0,0","0,0","75,0","62,5","0,17659",Medio,34.995
090090277,"2,0","4,1","20,4","48,5","4,1","0,8","6,5","1,6","0,8","46,3","20,3","-0,86879",Muy bajo,91.816
090090278,"16,3","50,0","46,5","31,7","0,0","0,0","0,0","0,0","0,0","58,3","25,0","-0,26247",Bajo,53.145
090090280,"16,7","0,0","33,3","54,5","0,0","0,0","33,3","0,0","0,0","0,0","0,0","-0,95391",Muy bajo,96.897
090090281,"15,0","0,0","35,0","33,3","0,0","0,0","75,0","0,0","0,0","50,0","25,0","-0,40855",Bajo,61.177
090090282,"0,0","0,0","7,1","15,0","20,0","0,0","60,0","20,0","0,0","40,0","20,0","-0,66808",Bajo,78.259
090090283,"6,5","0,0","38,7","28,0","0,0","0,0","72,7","0,0","0,0","18,2","9,1","-0,75071",Bajo,83.866
090090284,"8,3","8,3","37,5","43,9","0,0","0,0","0,0","0,0","0,0","28,6","21,4","-0,81564",Bajo,88.258
090090285,"3,8","3,8","26,0","21,4","3,3","1,1","41,8","5,5","0,0","28,6","24,2","-0,75620",Bajo,84.262
090090288,"2,3","0,0","16,3","25,4","0,0","6,7","6,7","0,0","0,0","40,0","40,0","-0,84147",Bajo,90.018
090090289,"5,0","0,0","40,0","12,5","30,8","0,0","0,0","0,0","0,0","23,1","38,5","-0,59607",Bajo,73.228
090090291,"0,0","28,6","30,8","52,4","0,0","0,0","75,0","0,0","0,0","75,0","25,0","-0,32238",Bajo,56.306
090090292,"3,0","4,2","30,1","29,8","3,8","1,3","33,3","0,6","0,6","34,6","26,9","-0,72895",Bajo,82.362
090090297,"3,5","2,7","28,7","29,0","12,1","3,3","85,7","1,1","1,1","38,5","30,8","-0,44012",Bajo,63.071
090090300,"2,4","3,1","21,9","24,8","4,5","0,8","0,9","0,3","0,2","29,5","14,1","-1,01392",Muy bajo,99.966
090090301,"5,8","0,0","30,4","32,6","0,0","0,0","7,7","3,8","0,0","30,8","26,9","-0,85039",Bajo,90.637
090090303,"3,8","2,7","35,4","21,9","0,0","0,0","0,0","0,0","0,0","53,3","22,2","-0,77472",Bajo,85.562
090090304,"22,2","0,0","63,0","40,0","10,0","10,0","20,0","50,0","0,0","70,0","60,0","0,37155",Medio,29.097
090090305,"6,3","4,0","41,3","31,9","5,1","0,0","46,2","0,0","2,6","51,3","33,3","-0,43323",Bajo,62.649
090090306,"0,0","0,0","9,1","9,1","0,0","0,0","28,6","0,0","0,0","28,6","14,3","-1,09750",Muy bajo,103.114
090090310,"10,5","0,0","34,2","48,3","7,7","15,4","61,5","38,5","7,7","23,1","46,2","-0,13350",Medio,46.980
090090312,"0,0","0,0","13,6","37,0","14,3","0,0","85,7","0,0","0,0","57,1","14,3","-0,61153",Bajo,74.249
090090313,"0,0","0,0","50,0","70,6","0,0","0,0","0,0","0,0","0,0","75,0","50,0","-0,45332",Bajo,63.904
090090314,"4,2","0,0","28,5","42,9","0,0","4,2","18,8","4,2","0,0","50,0","31,3","-0,68531",Bajo,79.410
090090315,"5,7","2,1","28,3","24,4","0,9","1,8","6,1","0,0","0,0","45,6","17,5","-0,83427",Bajo,89.526
090090316,"5,9","8,7","36,2","22,3","1,4","2,9","10,0","0,0","1,4","40,0","22,9","-0,70856",Bajo,81.023
090090317,"5,6","10,3","30,2","21,3","0,0","1,8","0,0","0,0","0,0","42,1","19,3","-0,81625",Bajo,88.300
090090318,"6,9","0,0","36,8","40,0","0,0","3,6","75,0","7,1","0,0","46,4","25,0","-0,44808",Bajo,63.583
090090319,"4,3","0,0","40,4","42,4","5,6","0,0","5,6","0,0","0,0","66,7","50,0","-0,45964",Bajo,64.330
090090321,"10,0","0,0","40,0","38,5","0,0","0,0","0,0","0,0","0,0","50,0","75,0","-0,40446",Bajo,60.943
090090322,"2,1","0,0","25,1","18,3","0,0","0,0","63,1","4,6","0,0","53,8","33,8","-0,57328",Bajo,71.690
090090323,"7,4","7,7","26,3","31,8","3,6","0,0","3,6","0,0","3,6","46,4","25,0","-0,72949",Bajo,82.399
090090326,"0,0","0,0","25,0","58,8","0,0","0,0","66,7","0,0","0,0","33,3","66,7","-0,53034",Bajo,68.853
090090328,"0,0","0,0","13,7","30,6","5,0","0,0","5,0","0,0","0,0","20,0","15,0","-1,15095",Muy bajo,104.509
090090332,"0,0","0,0","47,4","34,5","0,0","14,3","42,9","14,3","14,3","71,4","57,1","-0,03908",Medio,42.834
090090333,"11,5","0,0","23,1","41,9","0,0","0,0","0,0","0,0","0,0","33,3","0,0","-1,01888",Muy bajo,100.181
090090337,"3,6","0,0","32,1","29,3","0,0","0,0","0,0","0,0","0,0","60,0","30,0","-0,73402",Bajo,82.735
090090338,"8,3","5,6","37,5","11,3","13,3","0,0","6,7","0,0","0,0","60,0","53,3","-0,36420",Bajo,58.631
090090340,"4,0","0,0","22,0","31,6","2,8","2,8","8,3","5,6","0,0","61,1","52,8","-0,56976",Bajo,71.435
090090341,"0,0","0,0","25,0","65,0","0,0","0,0","71,4","0,0","0,0","57,1","42,9","-0,51970",Bajo,68.149
090090342,"3,4","9,1","33,0","26,4","10,7","0,0","92,9","0,0","0,0","35,7","14,3","-0,50803",Bajo,67.417
090090344,"1,9","0,0","28,3","55,4","0,0","16,7","88,9","5,6","5,6","55,6","55,6","-0,17225",Medio,48.755
090090345,"0,0","0,0","48,3","32,6","0,0","0,0","60,0","0,0","0,0","60,0","40,0","-0,40031",Bajo,60.696
090090347,"7,1","0,0","28,6","4,8","0,0","0,0","0,0","0,0","0,0","80,0","60,0","-0,44196",Bajo,63.190
090090348,"5,9","0,0","19,6","18,5","0,0","0,0","0,0","52,6","0,0","26,3","15,8","-0,80062",Bajo,87.331
090090351,"4,7","7,7","44,2","27,9","0,0","0,0","88,2","0,0","0,0","52,9","64,7","-0,13690",Medio,47.153
090090352,"5,5","0,0","16,4","36,8","0,0","0,0","0,0","0,0","0,0","30,0","30,0","-0,98366",Muy bajo,98.513
090090354,"9,3","3,6","46,3","41,4","19,0","0,0","19,0","0,0","0,0","33,3","42,9","-0,42079",Bajo,61.911
090090355,"14,3","0,0","37,1","35,3","6,3","12,5","0,0","12,5","0,0","62,5","43,8","-0,29300",Bajo,54.722
090090356,"13,3","20,0","53,3","60,0","42,9","28,6","100,0","14,3","42,9","85,7","100,0","1,38051",Alto,10.769
090090358,"0,0","0,0","17,4","10,3","0,0","0,0","0,0","0,0","0,0","22,2","11,1","-1,18989",Muy bajo,105.215
090090359,"0,0","0,0","14,3","25,5","0,0","0,0","10,0","0,0","0,0","0,0","10,0","-1,30242",Muy bajo,106.761
090090360,"2,5","7,7","10,1","34,7","3,0","0,0","0,0","0,0","0,0","18,2","12,1","-1,16348",Muy bajo,104.702
090090361,"2,1","0,0","29,8","47,1","13,3","0,0","0,0","0,0","0,0","26,7","40,0","-0,79374",Bajo,86.857
090090362,"0,0","0,0","0,0","69,2","0,0","0,0","0,0","0,0","0,0","0,0","0,0","-1,48923",Muy bajo,107.931
090090363,"5,3","0,0","31,6","6,7","0,0","14,3","0,0","14,3","0,0","28,6","14,3","-0,81079",Bajo,87.956
090090364,"16,1","14,3","35,5","23,3","0,0","12,5","0,0","6,3","12,5","56,3","50,0","-0,19607",Medio,49.881
090090365,"10,3","0,0","44,8","29,7","45,5","9,1","72,7","9,1","0,0","63,6","36,4","0,16841",Medio,35.266
090090366,"25,0","0,0","50,0","50,0","0,0","0,0","0,0","0,0","0,0","40,0","20,0","-0,52797",Bajo,68.681
090090367,"12,0","0,0","44,0","15,6","11,1","0,0","0,0","0,0","0,0","11,1","11,1","-0,84797",Bajo,90.470
090090369,"40,0","40,0","40,0","30,0","0,0","0,0","100,0","0,0","0,0","100,0","66,7","0,71433",Alto,20.846
090090370,"0,0","0,0","46,7","72,2","0,0","14,3","100,0","14,3","0,0","85,7","100,0","0,37552",Medio,28.998
090090371,"4,3","12,0","42,9","45,7","0,0","9,7","6,5","9,7","0,0","51,6","25,8","-0,51983",Bajo,68.156
090090372,"6,6","11,1","19,7","12,4","0,0","0,0","16,7","0,0","0,0","27,8","11,1","-0,95322",Muy bajo,96.858
090090373,"0,0","0,0","31,9","38,8","4,8","0,0","0,0","0,0","0,0","52,4","28,6","-0,79094",Bajo,86.681
090090374,"3,1","7,1","25,0","13,0","0,0","0,0","0,0","0,0","0,0","38,5","15,4","-0,95148",Muy bajo,96.756
090090380,"0,0","0,0","46,7","14,3","0,0","0,0","16,7","0,0","0,0","33,3","50,0","-0,64882",Bajo,76.846
090090384,"16,7","40,0","62,5","50,0","22,2","22,2","44,4","33,3","0,0","66,7","100,0","0,89863",Alto,17.302
090090385,"14,3","0,0","28,6","55,6","0,0","0,0","100,0","0,0","33,3","100,0","33,3","0,17430",Medio,35.078
090090388,"1,7","9,1","25,9","42,9","5,9","0,0","0,0","0,0","0,0","29,4","41,2","-0,80981",Bajo,87.893
090090389,"4,0","20,0","36,0","48,5","12,5","0,0","75,0","12,5","0,0","62,5","37,5","-0,13207",Medio,46.915
090090390,"9,1","0,0","45,5","41,2","0,0","0,0","25,0","0,0","0,0","25,0","0,0","-0,85079",Bajo,90.670
090090391,"14,3","11,1","38,1","16,1","0,0","0,0","14,3","0,0","0,0","57,1","57,1","-0,32540",Bajo,56.460
090090392,"1,6","0,0","23,8","20,5","5,0","0,0","10,0","0,0","0,0","45,0","35,0","-0,79804",Bajo,87.140
090090395,"0,0","0,0","60,0","47,1","0,0","16,7","100,0","33,3","50,0","66,7","83,3","0,72504",Alto,20.637
090090403,"0,0","0,0","66,7","0,0","33,3","0,0","66,7","0,0","0,0","33,3","33,3","-0,19577",Medio,49.863
090090407,"4,3","0,0","30,4","27,0","16,7","16,7","100,0","33,3","16,7","50,0","50,0","0,17709",Medio,34.979
090090410,"0,0","0,0","11,1","30,0","0,0","0,0","33,3","0,0","33,3","66,7","100,0","-0,14343",Medio,47.439
090090413,"0,0","0,0","42,9","32,1","11,1","0,0","0,0","0,0","0,0","66,7","55,6","-0,44007",Bajo,63.068
090090414,"0,0","100,0","12,5","18,2","0,0","0,0","33,3","33,3","0,0","66,7","33,3","-0,05313",Medio,43.462
090090415,"1,0","0,0","19,8","47,0","0,0","2,6","5,3","2,6","0,0","26,3","18,4","-1,04647",Muy bajo,101.306
090100001,"1,6","5,8","18,8","24,7","0,5","0,3","0,2","0,1","0,0","14,3","5,6","-1,19766",Muy bajo,105.360
090100213,"10,3","22,2","64,1","17,5","83,3","0,0","0,0","0,0","0,0","33,3","25,0","0,10387",Medio,37.422
090100214,"10,0","0,0","50,0","58,3","50,0","25,0","100,0","50,0","0,0","100,0","75,0","1,05343",Alto,14.783
090100215,"33,3","0,0","66,7","100,0","0,0","0,0","100,0","100,0","0,0","100,0","100,0","1,29570",Alto,11.647
090100216,"5,7","0,0","42,9","12,8","0,0","0,0","0,0","0,0","0,0","33,3","44,4","-0,69862",Bajo,80.339
090100217,"0,0","0,0","80,0","100,0","66,7","33,3","100,0","66,7","0,0","66,7","66,7","1,18150",Alto,13.045
090110001,"1,6","5,0","19,6","26,9","1,1","0,2","1,0","0,2","0,1","21,6","8,3","-1,13359",Muy bajo,104.073
090110011,"2,0","3,9","20,5","22,2","2,9","0,4","0,8","0,4","0,1","30,9","13,1","-1,03608",Muy bajo,100.919
090110021,"2,1","4,5","21,0","29,1","2,0","0,3","0,4","0,2","0,0","22,0","8,3","-1,11371",Muy bajo,103.605
090110024,"1,5","3,5","20,8","22,9","1,9","0,9","0,9","0,2","0,4","26,7","11,7","-1,07528",Muy bajo,102.357
090110026,"1,7","3,9","21,9","29,8","3,8","0,4","0,8","0,4","0,1","22,5","9,0","-1,09316",Muy bajo,102.971
090110069,"4,2","2,7","21,6","27,6","1,9","0,0","0,0","0,0","0,0","32,1","28,3","-0,93339",Muy bajo,95.739
090110071,"7,1","0,0","34,5","43,5","22,9","1,4","64,3","22,9","0,0","45,7","42,9","-0,17553",Medio,48.907
090110072,"0,0","0,0","25,8","57,6","15,6","6,3","71,9","3,1","3,1","46,9","37,5","-0,40702",Bajo,61.096
090110076,"2,9","3,3","38,2","26,3","7,7","0,0","3,8","0,0","0,0","53,8","46,2","-0,55519",Bajo,70.499
090110081,"1,9","0,0","3,8","1,5","5,3","0,0","0,0","0,0","0,0","31,6","21,1","-1,11825",Muy bajo,103.724
090110086,"1,4","6,3","30,1","33,0","4,8","4,8","0,0","4,8","4,8","47,6","47,6","-0,58392",Bajo,72.399
090110087,"7,6","0,0","39,4","32,2","8,0","4,0","92,0","20,0","16,0","52,0","48,0","0,02969",Medio,40.147
090110089,"13,3","0,0","60,0","31,3","40,0","0,0","60,0","0,0","20,0","80,0","80,0","0,59252",Alto,23.459
090110094,"0,0","0,0","45,5","27,8","20,0","0,0","0,0","0,0","0,0","80,0","60,0","-0,26162",Bajo,53.100
090110103,"1,0","0,0","11,9","35,9","2,9","5,9","0,0","2,9","0,0","17,6","29,4","-1,06008",Muy bajo,101.853
090110104,"3,3","4,1","36,2","46,3","4,4","0,5","62,3","2,0","0,5","43,6","44,1","-0,43301",Bajo,62.634
090110108,"1,8","5,0","23,6","13,6","0,0","0,0","5,3","0,0","0,0","31,6","47,4","-0,82524",Bajo,88.922
090110110,"4,4","9,1","43,6","36,5","22,3","3,3","58,6","2,0","1,1","62,5","43,3","-0,10626",Medio,45.770
090110111,"10,0","0,0","30,0","62,5","0,0","0,0","0,0","0,0","0,0","28,6","28,6","-0,85076",Bajo,90.667
090110113,"3,6","5,9","29,8","32,4","7,1","0,0","0,0","0,0","1,8","37,5","28,6","-0,78557",Bajo,86.308
090110119,"1,6","2,7","39,2","44,4","0,0","0,0","66,7","0,0","0,0","23,8","31,0","-0,65387",Bajo,77.221
090110126,"10,2","21,1","53,1","36,6","28,6","14,3","57,1","14,3","14,3","57,1","50,0","0,36377",Medio,29.315
090110128,"2,7","9,5","30,1","26,7","0,0","0,0","80,8","0,0","0,0","38,5","23,1","-0,58633",Bajo,72.536
090110129,"0,0","0,0","15,8","30,4","0,0","0,0","22,2","0,0","0,0","11,1","0,0","-1,24629",Muy bajo,106.080
090110133,"13,3","0,0","73,3","55,0","20,0","0,0","60,0","40,0","0,0","80,0","100,0","0,71430",Alto,20.848
090110134,"20,8","20,0","83,3","52,9","30,0","20,0","60,0","40,0","10,0","80,0","60,0","1,02694",Alto,15.181
090110136,"6,0","0,0","34,1","29,5","9,1","0,0","4,5","8,0","2,3","28,4","20,5","-0,78253",Bajo,86.068
090110137,"5,5","15,4","56,4","54,5","59,1","4,5","40,9","18,2","4,5","54,5","63,6","0,41399",Medio,27.921
090110140,"4,2","5,7","30,7","48,7","40,4","0,6","72,7","0,6","25,6","54,6","37,3","0,02892",Medio,40.172
090110141,"2,9","4,3","29,0","24,9","40,6","1,0","37,6","1,0","12,9","35,6","24,8","-0,38247",Bajo,59.695
090110142,"3,6","10,9","29,9","23,2","3,9","0,0","0,0","0,0","0,0","27,6","10,5","-0,94959",Muy bajo,96.649
090110145,"7,5","4,8","38,1","41,7","16,4","1,8","89,1","3,6","3,6","34,5","34,5","-0,25560",Bajo,52.786
090110146,"4,7","0,0","27,9","27,8","25,0","0,0","93,8","0,0","0,0","68,8","50,0","-0,09087",Medio,45.089
090110148,"4,4","16,3","35,4","49,5","16,9","0,0","84,6","0,0","4,6","40,0","32,3","-0,26686",Bajo,53.388
090110149,"2,0","0,0","48,0","51,3","25,0","2,5","77,5","2,5","2,5","62,5","52,5","-0,00825",Medio,41.630
090110150,"9,1","0,0","40,9","26,9","14,3","0,0","0,0","0,0","14,3","57,1","28,6","-0,43259",Bajo,62.602
090110152,"20,0","0,0","60,0","61,5","33,3","0,0","66,7","33,3","0,0","66,7","100,0","0,71185",Alto,20.901
090110153,"0,0","25,0","25,0","24,0","16,7","0,0","50,0","0,0","33,3","50,0","16,7","-0,30126",Bajo,55.141
090110154,"7,4","8,7","45,4","37,2","18,9","0,0","73,0","0,0","0,0","56,8","40,5","-0,12443",Medio,46.559
090110155,"4,2","0,0","29,2","86,7","37,5","0,0","75,0","0,0","50,0","87,5","87,5","0,60207",Alto,23.268
090110156,"0,0","0,0","37,5","46,2","0,0","0,0","100,0","0,0","0,0","66,7","33,3","-0,33884",Bajo,57.261
090110159,"1,6","0,0","29,5","52,9","12,3","5,5","71,2","0,0","0,0","41,1","21,9","-0,55061",Bajo,70.183
090110160,"1,1","0,0","28,4","40,3","8,3","0,0","2,8","0,0","2,8","30,6","16,7","-0,93323",Muy bajo,95.730
090110161,"4,5","0,0","22,7","32,3","25,0","0,0","25,0","0,0","25,0","50,0","37,5","-0,36210",Bajo,58.515
090110162,"7,9","12,5","28,6","42,2","15,0","5,0","80,0","0,0","10,0","35,0","35,0","-0,26380",Bajo,53.216
090110163,"0,0","11,1","22,0","25,7","0,0","0,0","5,0","0,0","0,0","25,0","5,0","-1,10059",Muy bajo,103.192
090120001,"1,4","4,3","16,3","27,9","0,5","0,3","1,0","0,2","0,0","14,9","6,2","-1,21543",Muy bajo,105.642
090120019,"3,5","4,0","34,3","24,3","0,4","1,1","2,4","0,4","0,0","24,0","20,6","-0,92640",Muy bajo,95.334
090120026,"2,5","5,7","27,6","35,6","3,0","0,6","16,0","0,7","0,4","28,1","18,3","-0,90018",Muy bajo,93.773
090120027,"3,3","4,8","29,5","32,2","1,9","0,9","31,2","1,3","0,2","30,0","19,0","-0,82083",Bajo,88.629
090120105,"2,2","0,0","24,4","28,4","0,0","0,0","11,1","0,0","0,0","38,9","22,2","-0,92305",Muy bajo,95.145
090120112,"5,5","6,3","40,4","43,5","4,8","0,0","42,9","0,0","0,0","35,7","31,0","-0,56570",Bajo,71.188
090120114,"0,0","0,0","0,0","63,6","0,0","0,0","0,0","0,0","0,0","33,3","0,0","-1,30955",Muy bajo,106.819
090120124,"2,5","0,0","26,4","30,8","4,6","1,7","11,5","1,7","0,0","31,6","23,6","-0,88361",Muy bajo,92.745
090120128,"15,8","0,0","47,4","52,0","16,7","0,0","33,3","16,7","0,0","66,7","33,3","-0,11705",Medio,46.230
090120130,"0,0","0,0","31,1","36,2","5,6","11,1","5,6","11,1","0,0","27,8","16,7","-0,84145",Bajo,90.014
090120131,"0,0","0,0","30,3","44,4","0,0","0,0","100,0","0,0","0,0","15,4","7,7","-0,81125",Bajo,87.985
090120132,"14,3","0,0","14,3","57,1","33,3","33,3","66,7","66,7","0,0","66,7","66,7","0,53248",Alto,24.878
090120135,"2,5","5,0","34,1","29,6","8,5","0,6","21,5","0,8","0,7","36,6","26,6","-0,70565",Bajo,80.830
090120144,"7,6","7,8","43,6","24,4","13,1","1,4","71,7","4,1","2,8","48,3","50,3","-0,12738",Medio,46.705
090120159,"5,8","10,0","42,0","51,1","20,8","8,3","12,5","4,2","4,2","62,5","58,3","-0,11319",Medio,46.084
090120161,"2,9","4,0","33,7","44,4","11,7","1,8","52,0","3,1","1,8","39,5","38,1","-0,47241",Bajo,65.119
090120162,"4,2","10,5","58,3","47,6","13,6","0,0","95,5","0,0","9,1","59,1","81,8","0,28762",Medio,31.514
090120168,"3,2","3,2","37,6","31,8","8,6","4,8","83,6","7,8","1,9","44,6","35,7","-0,30217",Bajo,55.189
090120175,"17,2","66,7","44,8","42,9","20,0","0,0","100,0","0,0","0,0","60,0","100,0","0,74466",Alto,20.220
090120179,"3,2","2,5","36,9","19,6","10,4","1,5","24,8","1,5","2,0","35,1","24,3","-0,66972",Bajo,78.373
090120187,"2,4","0,0","41,1","35,8","16,7","0,0","4,5","1,5","4,5","56,1","40,9","-0,47068",Bajo,65.007
090120198,"7,1","33,3","21,4","27,8","0,0","0,0","28,6","14,3","0,0","42,9","14,3","-0,60594",Bajo,73.864
090120210,"4,3","0,0","34,8","23,1","0,0","0,0","53,3","0,0","0,0","60,0","20,0","-0,58116",Bajo,72.207
090120216,"5,5","7,7","41,2","31,0","1,4","1,4","71,4","2,9","8,6","55,7","38,6","-0,24484",Bajo,52.252
090120217,"6,5","6,9","33,8","0,5","1,8","0,0","0,0","0,0","1,8","27,3","20,0","-0,86303",Muy bajo,91.484
090120218,"3,1","9,1","17,7","41,1","0,0","2,8","61,1","2,8","2,8","22,2","19,4","-0,79317",Bajo,86.827
090120220,"0,0","0,0","53,8","45,0","25,0","12,5","25,0","0,0","0,0","25,0","37,5","-0,41902",Bajo,61.803
090120221,"4,9","14,3","48,8","54,0","50,0","0,0","20,0","0,0","60,0","100,0","100,0","0,92781",Alto,16.761
090120222,"3,4","8,0","41,0","4,3","14,7","2,4","35,9","1,8","7,6","46,5","35,9","-0,36810",Bajo,58.874
090120237,"3,3","0,0","30,0","55,6","9,1","0,0","18,2","0,0","0,0","81,8","72,7","-0,26257",Bajo,53.152
090120254,"6,7","0,0","73,3","0,0","0,0","0,0","0,0","0,0","25,0","100,0","75,0","0,22956",Medio,33.340
090120269,"3,6","0,0","21,8","30,8","17,6","11,8","47,1","0,0","23,5","52,9","41,2","-0,24830",Bajo,52.411
090120272,"4,5","0,0","31,8","43,0","35,5","0,0","61,3","0,0","0,0","29,0","16,1","-0,50639",Bajo,67.302
090120275,"0,0","0,0","18,4","40,9","0,0","16,7","0,0","0,0","0,0","25,0","8,3","-1,06625",Muy bajo,102.049
090120276,"3,3","1,1","36,5","37,2","1,5","0,8","62,6","3,1","0,0","33,6","22,9","-0,63719",Bajo,76.003
090120277,"0,0","10,0","45,2","54,5","0,0","0,0","70,6","0,0","0,0","64,7","41,2","-0,29868",Bajo,55.013
090120280,"0,0","0,0","25,0","42,9","0,0","0,0","0,0","0,0","0,0","50,0","37,5","-0,83503",Bajo,89.581
090120282,"5,4","8,2","36,2","31,8","8,5","0,0","36,0","0,4","0,4","30,5","17,4","-0,68393",Bajo,79.322
090120283,"0,0","25,0","54,5","48,4","0,0","0,0","66,7","0,0","0,0","16,7","33,3","-0,47283",Bajo,65.146
090120290,"4,0","3,0","35,1","66,6","8,3","0,5","20,3","2,6","1,0","33,9","16,7","-0,75456",Bajo,84.134
090120291,"5,1","16,7","51,3","83,7","0,0","0,0","6,7","0,0","0,0","53,3","33,3","-0,48552",Bajo,65.977
090120295,"0,0","0,0","33,3","6,3","0,0","0,0","100,0","0,0","0,0","42,9","42,9","-0,44558",Bajo,63.410
090120296,"6,1","14,3","42,9","66,7","29,4","0,0","17,6","0,0","23,5","64,7","70,6","0,13669",Medio,36.297
090120300,"1,3","0,0","28,6","27,9","0,0","0,0","81,5","0,0","0,0","22,2","18,5","-0,77491",Bajo,85.572
090120301,"4,0","1,9","34,5","42,5","4,2","1,1","8,4","1,1","0,0","21,1","15,8","-0,92172",Muy bajo,95.079
090120302,"1,4","0,0","35,2","26,0","7,7","3,8","69,2","3,8","0,0","34,6","34,6","-0,51123",Bajo,67.610
090120310,"3,1","10,0","31,3","39,2","20,0","0,0","30,0","0,0","0,0","0,0","10,0","-0,88359",Muy bajo,92.743
090120311,"0,0","0,0","18,2","60,0","0,0","20,0","0,0","40,0","0,0","40,0","40,0","-0,58755",Bajo,72.615
090120317,"0,0","0,0","80,0","80,0","66,7","0,0","66,7","0,0","33,3","100,0","100,0","1,10988",Alto,14.004
090120319,"5,6","0,0","44,4","45,0","0,0","0,0","83,3","0,0","0,0","33,3","0,0","-0,65307",Bajo,77.160
090120325,"1,6","5,3","22,2","54,8","12,5","0,0","4,2","0,0","0,0","41,7","20,8","-0,84331",Bajo,90.144
090120326,"0,0","0,0","55,6","100,0","33,3","0,0","66,7","0,0","0,0","66,7","33,3","-0,08523",Medio,44.839
090120328,"4,9","11,8","41,1","3,9","9,3","3,7","4,7","1,9","13,1","50,5","42,1","-0,37154",Bajo,59.077
090120333,"23,5","50,0","47,1","60,0","16,7","0,0","83,3","0,0","0,0","50,0","33,3","0,23316",Medio,33.214
090120339,"0,0","0,0","28,6","14,3","0,0","0,0","33,3","0,0","66,7","100,0","100,0","0,38783",Medio,28.639
090120342,"0,0","0,0","22,2","50,0","0,0","0,0","0,0","0,0","0,0","0,0","33,3","-1,14754",Muy bajo,104.467
090120346,"4,3","0,0","39,7","51,3","2,6","2,6","74,4","2,6","0,0","30,8","33,3","-0,50746",Bajo,67.379
090120350,"3,7","33,3","54,9","0,9","35,5","3,2","0,0","3,2","0,0","74,2","67,7","0,18043",Medio,34.856
090120351,"2,1","23,8","35,4","68,8","0,0","0,0","10,7","0,0","0,0","50,0","21,4","-0,66564",Bajo,78.073
090120354,"1,3","25,0","32,0","20,9","3,8","0,0","73,1","7,7","0,0","11,5","11,5","-0,68040",Bajo,79.104
090120355,"6,7","0,0","23,3","42,9","0,0","0,0","46,7","0,0","0,0","20,0","6,7","-0,94716",Muy bajo,96.527
090120356,"0,0","0,0","37,5","87,5","33,3","33,3","100,0","66,7","66,7","66,7","66,7","1,10898",Alto,14.018
090120357,"0,0","0,0","55,0","67,6","71,4","0,0","100,0","14,3","42,9","57,1","42,9","0,66419",Alto,21.926
090120358,"3,4","3,6","28,4","42,6","6,1","0,0","67,3","0,0","0,0","22,4","24,5","-0,70216",Bajo,80.585
090120359,"0,0","0,0","20,0","50,0","0,0","0,0","33,3","66,7","66,7","66,7","100,0","0,47688",Alto,26.245
090120360,"0,0","0,0","28,6","0,0","0,0","0,0","0,0","0,0","0,0","0,0","0,0","-1,29596",Muy bajo,106.697
090120361,"9,1","0,0","18,2","41,7","25,0","0,0","25,0","0,0","0,0","50,0","75,0","-0,30193",Bajo,55.179
090120373,"3,0","0,0","42,4","37,2","0,0","0,0","8,3","8,3","0,0","25,0","25,0","-0,81627",Bajo,88.303
090120374,"8,3","0,0","44,4","46,1","0,0","0,0","96,2","0,0","0,0","34,6","26,9","-0,41794",Bajo,61.739
090120376,"8,1","10,5","43,9","45,3","10,8","3,1","55,4","1,5","3,1","50,8","40,0","-0,22020",Bajo,51.038
090120378,"7,4","10,0","88,9","11,6","12,5","12,5","0,0","0,0","0,0","75,0","87,5","0,33763",Medio,30.045
090120381,"7,5","20,0","42,5","49,2","7,1","3,6","78,6","7,1","10,7","46,4","42,9","-0,05671",Medio,43.608
090120383,"2,8","0,0","29,6","28,1","14,8","0,0","77,8","0,0","3,7","37,0","29,6","-0,48873",Bajo,66.187
090120390,"5,6","11,1","72,2","50,0","6,7","20,0","93,3","26,7","60,0","80,0","86,7","1,10768",Alto,14.037
090120391,"8,8","0,0","44,1","20,9","20,0","10,0","20,0","0,0","0,0","80,0","40,0","-0,14633",Medio,47.569
090120392,"8,6","0,0","48,6","25,6","0,0","0,0","40,0","0,0","0,0","10,0","10,0","-0,80930",Bajo,87.862
090120393,"5,0","6,7","35,0","49,2","15,5","0,0","70,2","1,2","0,0","36,9","19,0","-0,49091",Bajo,66.335
090120394,"3,6","11,5","37,8","47,5","30,6","5,6","91,7","5,6","5,6","41,7","58,3","0,06584",Medio,38.820
090120396,"3,3","0,8","23,3","37,2","1,9","1,9","0,0","0,0","0,5","25,5","13,9","-1,04204",Muy bajo,101.147
090120399,"3,9","6,1","41,3","49,8","21,4","0,0","82,9","0,0","2,9","50,0","50,0","-0,11671",Medio,46.220
090120410,"0,0","0,0","0,0","40,0","0,0","0,0","0,0","0,0","0,0","0,0","0,0","-1,49146",Muy bajo,107.968
090120416,"3,9","8,7","33,8","36,8","0,0","0,0","0,0","0,0","0,0","20,0","8,0","-1,01331",Muy bajo,99.943
090120418,"2,6","0,0","23,7","44,4","18,2","9,1","81,8","9,1","0,0","18,2","9,1","-0,62938",Bajo,75.458
090120420,"12,1","0,0","51,5","30,0","55,6","22,2","100,0","22,2","0,0","44,4","66,7","0,62341",Alto,22.788
090120422,"0,0","0,0","39,4","39,0","0,0","0,0","90,9","0,0","0,0","54,5","36,4","-0,40571",Bajo,61.018
090120423,"0,0","0,0","68,8","58,3","0,0","0,0","25,0","0,0","25,0","37,5","62,5","-0,19690",Medio,49.922
090120426,"4,2","0,0","33,3","8,6","0,0","0,0","81,8","0,0","9,1","36,4","45,5","-0,41743",Bajo,61.692
090120427,"1,9","7,7","44,2","81,2","20,0","0,0","70,0","0,0","5,0","40,0","30,0","-0,31502",Bajo,55.886
090120429,"1,4","0,0","41,3","27,3","44,6","3,1","61,5","3,1","7,7","84,6","63,1","0,24384",Medio,32.879
090120430,"0,0","0,0","75,0","30,0","0,0","0,0","0,0","0,0","0,0","66,7","0,0","-0,61078",Bajo,74.193
090120436,"5,9","3,8","47,5","41,8","12,5","5,0","95,0","17,5","10,0","70,0","57,5","0,23507",Medio,33.145
090120438,"23,1","0,0","76,9","89,5","71,4","14,3","71,4","28,6","0,0","57,1","28,6","0,77465",Alto,19.647
090120439,"1,4","4,2","42,5","20,7","6,5","9,7","87,1","12,9","12,9","61,3","54,8","0,04516",Medio,39.569
090120440,"13,6","8,0","52,5","42,9","0,0","0,0","95,7","4,3","4,3","69,6","39,1","0,04764",Medio,39.476
090130001,"1,9","4,7","20,1","30,8","2,1","0,4","6,7","0,6","0,1","23,3","9,9","-1,07976",Muy bajo,102.534
090130091,"4,2","0,0","31,1","35,9","9,3","0,0","9,3","0,0","4,7","30,2","11,6","-0,86788",Muy bajo,91.747
090130096,"4,8","10,8","41,4","23,0","5,3","12,3","75,4","7,0","3,5","63,2","54,4","-0,00451",Medio,41.495
090130111,"5,0","0,0","35,0","23,3","0,0","0,0","87,5","12,5","0,0","50,0","25,0","-0,41972",Bajo,61.839
090130113,"0,0","0,0","0,0","100,0","0,0","0,0","0,0","0,0","0,0","66,7","33,3","-0,93794",Muy bajo,96.010
090130118,"2,0","4,7","31,2","31,2","3,1","1,5","87,7","9,2","0,0","36,9","29,2","-0,48496",Bajo,65.944
090130134,"4,2","2,1","38,5","43,7","4,4","3,8","95,6","3,8","3,1","54,1","39,0","-0,22687",Bajo,51.350
090130136,"1,4","0,0","23,8","35,3","1,6","0,0","37,2","3,1","1,6","29,5","14,0","-0,90789",Muy bajo,94.253
090130137,"5,7","8,5","30,4","47,8","20,9","0,0","88,1","4,5","0,0","34,3","22,4","-0,38486",Bajo,59.849
090130138,"1,3","0,0","21,3","55,9","8,7","0,0","60,9","0,0","0,0","26,1","4,3","-0,89202",Muy bajo,93.268
090130139,"5,1","10,0","22,0","25,3","12,0","0,0","100,0","4,0","0,0","40,0","40,0","-0,33811",Bajo,57.216
090130140,"6,3","24,1","31,5","27,7","7,7","0,0","43,6","5,1","0,0","33,3","17,9","-0,56284",Bajo,71.002
090130143,"2,6","9,1","39,7","61,0","0,0","0,0","84,6","7,7","0,0","46,2","61,5","-0,21113",Medio,50.610
090130146,"5,1","7,4","44,2","39,6","6,5","0,0","4,3","0,0","4,3","65,2","28,3","-0,48240",Bajo,65.772
090130151,"0,0","12,5","29,7","64,6","0,0","0,0","60,0","0,0","0,0","46,7","13,3","-0,68390",Bajo,79.320
090130157,"6,4","5,9","48,0","42,5","14,9","4,1","93,3","8,8","4,6","56,2","46,9","0,04585",Medio,39.540
090130160,"3,7","6,0","22,1","33,5","5,0","1,0","57,0","2,0","0,0","24,0","18,0","-0,78559",Bajo,86.309
090130162,"3,5","8,0","29,7","49,6","2,4","0,0","6,0","0,0","2,4","33,3","21,4","-0,84689",Bajo,90.400
090130163,"1,3","0,0","25,3","21,3","4,0","0,0","6,0","0,0","0,0","40,0","12,0","-0,96883",Muy bajo,97.754
090130164,"0,0","0,0","43,3","28,2","20,0","10,0","30,0","10,0","10,0","60,0","30,0","-0,26434",Bajo,53.248
090130165,"8,3","0,0","33,3","44,4","0,0","0,0","25,0","0,0","0,0","25,0","50,0","-0,66036",Bajo,77.712
090130169,"8,7","5,9","46,4","36,8","11,5","7,7","92,3","26,9","0,0","61,5","69,2","0,26887",Medio,32.088
090130172,"3,1","40,0","50,0","66,0","15,4","7,7","23,1","15,4","15,4","53,8","46,2","0,08065",Medio,38.261
090130178,"5,9","2,7","38,7","35,2","6,0","10,0","84,0","10,0","4,0","56,0","52,0","-0,06849",Medio,44.133
090130180,"0,0","0,0","25,6","66,0","6,7","0,0","80,0","0,0","0,0","73,3","46,7","-0,32911",Bajo,56.703
090130181,"4,2","9,4","39,6","58,3","1,6","0,0","65,6","3,1","3,1","40,6","40,6","-0,39430",Bajo,60.374
090130184,"3,1","0,0","23,5","30,9","6,8","1,1","4,5","1,1","0,0","29,5","13,6","-0,97939",Muy bajo,98.305
090130185,"3,7","0,0","11,1","41,9","12,5","12,5","25,0","12,5","0,0","37,5","37,5","-0,63456",Bajo,75.824
090130187,"8,1","3,3","33,1","40,1","17,1","0,0","92,7","2,4","0,0","46,3","19,5","-0,33955",Bajo,57.297
090130190,"5,6","40,0","50,0","47,6","5,9","11,8","41,2","11,8","23,5","94,1","76,5","0,55719",Alto,24.271
090130191,"2,5","0,0","28,9","4,2","2,6","2,6","77,6","0,0","0,0","28,9","9,2","-0,75263",Bajo,84.001
090130193,"0,0","0,0","31,0","47,4","9,1","0,0","81,8","0,0","0,0","63,6","18,2","-0,48316",Bajo,65.827
090130195,"0,0","0,0","31,1","50,0","18,8","12,5","25,0","6,3","0,0","50,0","43,8","-0,42028",Bajo,61.884
090130196,"0,0","0,0","35,1","56,3","0,0","0,0","8,3","0,0","0,0","33,3","16,7","-0,94302",Muy bajo,96.302
090130197,"11,8","0,0","23,5","33,3","28,6","0,0","100,0","14,3","0,0","57,1","28,6","-0,10676",Medio,45.799
090130198,"4,8","33,3","23,8","52,0","0,0","0,0","50,0","0,0","0,0","37,5","12,5","-0,65027",Bajo,76.962
090130201,"2,4","0,0","38,1","30,2","17,6","11,8","64,7","17,6","11,8","52,9","70,6","0,08216",Medio,38.201
090130202,"3,9","6,2","39,4","50,6","23,4","1,3","69,4","2,1","2,6","54,0","31,9","-0,22515",Bajo,51.267
090130203,"5,1","0,0","10,3","13,0","0,0","0,0","7,7","0,0","0,0","23,1","7,7","-1,16901",Muy bajo,104.812
090130204,"8,3","0,0","20,8","25,5","0,0","0,0","91,7","0,0","0,0","41,7","25,0","-0,57177",Bajo,71.585
090130205,"3,7","0,0","28,4","33,6","0,0","0,0","0,0","0,0","0,0","29,7","13,5","-1,01519",Muy bajo,100.009
090130206,"0,0","0,0","26,7","10,5","0,0","0,0","75,0","0,0","0,0","50,0","0,0","-0,78128",Bajo,85.968
090130209,"2,9","0,0","32,4","52,5","25,0","0,0","100,0","0,0","0,0","83,3","50,0","0,02258",Medio,40.439
090130210,"0,0","0,0","19,2","24,1","0,0","0,0","28,6","0,0","0,0","14,3","0,0","-1,18395",Muy bajo,105.106
090130213,"4,1","3,7","32,0","64,1","9,7","3,2","90,3","0,0","22,6","54,8","45,2","-0,09153",Medio,45.123
090130214,"2,8","0,0","34,9","44,6","4,7","0,0","46,5","0,0","0,0","34,9","30,2","-0,66512",Bajo,78.046
090130215,"0,0","50,0","44,4","33,3","0,0","0,0","100,0","0,0","0,0","75,0","75,0","0,25286",Medio,32.594
090130218,"0,0","0,0","19,4","37,2","8,3","0,0","0,0","0,0","0,0","16,7","8,3","-1,16038",Muy bajo,104.652
090130224,"0,0","0,0","27,3","35,7","0,0","33,3","66,7","66,7","0,0","100,0","33,3","0,21092",Medio,33.920
090130226,"1,8","0,0","20,0","74,6","0,0","0,0","0,0","0,0","0,0","30,0","20,0","-1,05370",Muy bajo,101.595
090130231,"4,3","7,7","39,6","36,3","10,0","0,0","78,9","34,4","5,6","56,7","30,0","-0,10191",Medio,45.575
090130232,"6,7","0,0","43,3","35,8","7,9","5,3","86,8","0,0","7,9","65,8","52,6","-0,01602",Medio,41.920
090130234,"1,9","14,3","34,6","18,4","9,9","0,0","94,4","4,2","0,0","49,3","28,2","-0,31616",Bajo,55.948
090130236,"0,9","4,2","27,4","32,5","3,0","3,0","90,9","6,1","3,0","66,7","27,3","-0,34990",Bajo,57.861
090130237,"0,0","14,3","20,0","21,4","0,0","0,0","0,0","0,0","0,0","14,3","14,3","-1,12054",Muy bajo,103.781
090130238,"3,8","0,0","26,9","27,5","11,1","0,0","0,0","11,1","0,0","44,4","55,6","-0,57292",Bajo,71.669
090130239,"2,5","2,3","29,2","35,3","5,3","1,8","75,4","3,5","0,0","45,6","42,1","-0,43839",Bajo,62.952
090130242,"0,0","0,0","38,5","12,8","20,0","0,0","6,7","0,0","0,0","86,7","46,7","-0,32799",Bajo,56.626
090130243,"6,1","8,3","35,6","43,2","7,5","3,8","15,1","3,8","3,8","54,7","41,5","-0,42294",Bajo,62.046
090130244,"0,0","0,0","15,0","35,5","0,0","16,7","16,7","8,3","0,0","33,3","16,7","-0,90038",Muy bajo,93.785
090130246,"22,7","50,0","77,3","63,0","33,3","0,0","50,0","33,3","0,0","50,0","83,3","0,88517",Alto,17.522
090130249,"8,1","12,5","39,2","44,2","44,8","0,0","89,7","27,6","6,9","79,3","41,4","0,41282",Medio,27.952
090130251,"5,7","43,8","31,4","37,0","25,0","0,0","100,0","8,3","8,3","66,7","50,0","0,28569",Medio,31.581
090130252,"2,8","3,8","24,1","34,1","0,0","1,9","87,0","0,0","0,0","40,7","16,7","-0,64691",Bajo,76.712
090130253,"5,8","0,0","30,8","39,4","5,3","0,0","68,4","0,0","0,0","47,4","73,7","-0,26656",Bajo,53.369
090130257,"3,1","12,2","34,9","59,8","8,0","0,0","77,3","1,1","4,5","37,5","28,4","-0,42543",Bajo,62.193
090130258,"2,3","4,5","31,8","31,0","0,0","2,6","84,2","0,0","0,0","34,2","21,1","-0,61040",Bajo,74.165
090130261,"3,2","0,0","32,3","13,9","30,0","0,0","100,0","10,0","0,0","40,0","10,0","-0,35375",Bajo,58.063
090130262,"0,0","66,7","37,8","13,6","11,1","0,0","100,0","0,0","0,0","50,0","11,1","-0,12412",Medio,46.547
090130263,"11,3","20,0","58,5","9,7","23,8","0,0","95,2","9,5","0,0","71,4","23,8","0,21132",Medio,33.907
090130264,"0,0","12,5","28,6","68,0","0,0","0,0","28,6","0,0","0,0","14,3","28,6","-0,88805",Muy bajo,93.015
090130265,"2,1","0,0","28,2","62,8","0,0","0,0","52,9","2,0","0,0","45,1","19,6","-0,72414",Bajo,82.043
090130266,"6,1","13,6","40,4","60,7","10,0","13,3","53,3","6,7","3,3","66,7","43,3","-0,06059",Medio,43.757
090130267,"7,6","10,0","46,2","30,2","19,7","3,0","100,0","1,5","0,0","66,7","57,6","0,16627",Medio,35.330
090130269,"2,1","11,6","33,1","27,4","10,2","0,0","83,7","4,1","6,1","46,9","18,4","-0,39738",Bajo,60.534
090130270,"0,0","14,3","21,4","50,0","5,9","0,0","41,2","0,0","5,9","35,3","11,8","-0,78531",Bajo,86.288
090130271,"7,9","8,3","61,8","43,1","39,3","0,0","3,6","0,0","0,0","67,9","53,6","0,03569",Medio,39.899
090130273,"2,0","3,8","30,9","48,3","0,7","0,0","77,6","0,0","0,7","24,6","16,4","-0,73114",Bajo,82.527
090130274,"9,1","0,0","54,5","16,7","20,0","60,0","100,0","60,0","60,0","100,0","80,0","1,59127",Alto,8.694
090130275,"3,3","0,0","46,7","42,9","18,2","0,0","100,0","18,2","9,1","27,3","9,1","-0,30553",Bajo,55.386
090130276,"0,0","12,5","28,6","40,5","0,0","9,1","81,8","9,1","0,0","45,5","36,4","-0,38809",Bajo,60.034
090130277,"4,5","0,0","27,3","59,4","8,3","8,3","83,3","8,3","41,7","75,0","75,0","0,31339",Medio,30.749
090130278,"1,3","18,2","20,0","55,8","0,0","0,0","56,0","0,0","4,0","44,0","32,0","-0,60266",Bajo,73.656
090130281,"0,0","0,0","16,7","36,0","0,0","0,0","85,7","0,0","0,0","71,4","14,3","-0,61545",Bajo,74.518
090130282,"0,0","0,0","50,0","83,3","50,0","0,0","100,0","0,0","0,0","75,0","50,0","0,24757",Medio,32.752
090130283,"7,7","0,0","61,5","40,4","14,3","21,4","85,7","57,1","7,1","85,7","50,0","0,64278",Alto,22.380
090130284,"2,0","17,6","20,0","36,0","0,0","0,0","10,5","0,0","0,0","42,1","21,1","-0,85415",Muy bajo,90.883
090130285,"5,4","0,0","35,1","69,6","7,1","0,0","85,7","7,1","0,0","28,6","28,6","-0,48744",Bajo,66.110
090130286,"0,0","0,0","25,0","55,6","0,0","0,0","25,0","0,0","0,0","25,0","25,0","-0,95426",Muy bajo,96.938
090130287,"14,3","11,1","57,1","33,3","0,0","0,0","22,2","22,2","0,0","55,6","55,6","-0,07342",Medio,44.334
090130289,"2,9","16,7","41,2","26,7","50,0","0,0","91,7","33,3","8,3","50,0","41,7","0,31333",Medio,30.753
090130290,"16,3","0,0","41,9","55,0","0,0","0,0","95,0","0,0","0,0","60,0","40,0","-0,13711",Medio,47.160
090130291,"1,8","6,7","36,4","33,8","15,0","5,0","95,0","5,0","0,0","70,0","65,0","0,05451",Medio,39.222
090130292,"5,9","0,0","41,2","47,6","44,4","33,3","100,0","33,3","66,7","66,7","77,8","1,17806",Alto,13.098
090130293,"8,3","0,0","33,3","25,0","40,0","0,0","100,0","0,0","0,0","100,0","100,0","0,56928",Alto,23.992
090130294,"0,0","0,0","38,1","40,7","33,3","0,0","100,0","0,0","0,0","83,3","83,3","0,27622",Medio,31.886
090130295,"15,0","0,0","60,0","48,1","37,5","25,0","12,5","25,0","0,0","75,0","87,5","0,60365",Alto,23.225
090140001,"0,4","5,9","5,4","20,1","0,1","0,1","0,0","0,0","0,0","10,4","1,3","-1,35491",Muy bajo,107.229
090150001,"0,9","6,2","13,4","28,2","0,1","0,2","0,1","0,1","0,0","16,3","4,1","-1,24105",Muy bajo,106.015
090160001,"0,8","5,5","10,9","19,2","0,2","1,6","0,1","0,1","0,0","12,4","3,9","-1,27743",Muy bajo,106.488
090170001,"1,1","5,8","16,7","28,2","0,3","0,3","0,1","0,0","0,0","16,7","5,3","-1,20911",Muy bajo,105.543